First Name,Last Name,Email
Adam,Walters,awalters12@university.edu
Addison,Owens,aowens34@university.edu
Aiden,Parker,aparker56@university.edu
Alexa,Rivera,arivera79@university.edu
Alexander,Hughes,ahughes23@university.edu
Alice,Marshall,amarshall87@university.edu
Amanda,Murphy,amurphy42@university.edu
Amber,Cooper,acooper95@university.edu
Amelia,Fowler,afowler31@university.edu
Andrew,Jacobs,ajacobs68@university.edu
Anna,Kim,akim17@university.edu
Anthony,Hayes,ahayes54@university.edu
April,Hayes,ahayes76@university.edu
Aria,Wheeler,awheeler25@university.edu
Arnold,Bishop,abishop49@university.edu
Ashley,Harvey,aharvey83@university.edu
Audrey,Foster,afoster39@university.edu
Austin,Carlson,acarlson91@university.edu
Ava,Hopkins,ahopkins14@university.edu
Avery,Ellis,aellis63@university.edu
Benjamin,Franklin,bfranklin72@university.edu
Blake,Saunders,bsaunders27@university.edu
Brandon,Lawson,blawson85@university.edu
Brianna,Ruiz,bruiz19@university.edu
Brittany,West,bwest44@university.edu
Caleb,Ramirez,cramirez16@university.edu
Caleb,Mitchell,cmitchell59@university.edu
Cameron,Nguyen,cnguyen80@university.edu
Candice,Franklin,cfranklin73@university.edu
Carlos,Ward,cward88@university.edu
Catherine,Oliver,coliver50@university.edu
Charles,Sutton,csutton66@university.edu
Charlotte,Kennedy,ckennedy12@university.edu
Chloe,Cole,ccole94@university.edu
Chris,Armstrong,carmstrong38@university.edu
Christian,Beck,cbeck71@university.edu
Christina,James,cjames26@university.edu
Christopher,Brown,cbrown83@university.edu
Cindy,Lane,clane45@university.edu
Claire,Foster,cfoster68@university.edu
Cole,Henderson,chenderson97@university.edu
Colin,Harrington,charrington22@university.edu
Daisy,Matthews,dmatthews18@university.edu
Daniel,Peterson,dpeterson64@university.edu
Daphne,Lynch,dlynch53@university.edu
David,Rhodes,drhodes42@university.edu
Derek,Carter,dcarter78@university.edu
Destiny,Rice,drice35@university.edu
Devin,Robinson,drobinson60@university.edu
Dominic,Cox,dcox86@university.edu
Donovan,Powell,dpowell09@university.edu
Easton,Gray,egray47@university.edu
Eden,Bradley,ebradley15@university.edu
Eleanor,Carter,ecarter94@university.edu
Eli,Stevenson,estevenson29@university.edu
Elijah,Zimmerman,ezimmerman51@university.edu
Elizabeth,Roy,eroy75@university.edu
Elliot,Harvey,eharvey98@university.edu
Emily,Fuller,efuller37@university.edu
Emma,Watkins,ewatkins52@university.edu
Eric,Reid,ereid65@university.edu
Ethan,Miles,emiles21@university.edu
Evelyn,Jennings,ejennings84@university.edu
Faith,Turner,fturner46@university.edu
Finn,Bell,fbell90@university.edu
Gabriella,Lowe,glowe33@university.edu
Gavin,Beck,gbeck54@university.edu
Genesis,Sherman,gsherman70@university.edu
Gianna,Burns,gburns06@university.edu
Grace,Caldwell,gcaldwell93@university.edu
Hailey,Jennings,hjennings41@university.edu
Hannah,Knight,hknight13@university.edu
Harper,Morrison,hmorrison82@university.edu
Hazel,Henry,hhenry58@university.edu
Ian,Fletcher,ifletcher34@university.edu
Isaac,Fox,ifox96@university.edu
Isabelle,Cross,icross48@university.edu
Isaiah,Curtis,icurtis25@university.edu
Jade,Castillo,jcastillo62@university.edu
James,Quan,jquan30@university.edu
Jason,Brooks,jbrooks78@university.edu
Jasmine,Dunn,jdunn55@university.edu
Jenna,Patel,jpatel83@university.edu
John,Vargas,jvargas11@university.edu
Jonah,Delgado,jdelgado89@university.edu
Jordan,Hart,jhart22@university.edu
Josephine,Burton,jburton33@university.edu
Joshua,Banks,jbanks99@university.edu
Juliana,Russell,jrussell57@university.edu
Julian,Phillips,jphillips91@university.edu
Justin,Young,jyoung10@university.edu
Kayla,Medina,kmedina74@university.edu
Leah,Elliott,lelliott46@university.edu
Levi,Howard,lhoward84@university.edu
Liam,Lambert,llambert01@university.edu
Lily,Sparks,lsparks77@university.edu
Logan,Dawson,ldawson26@university.edu
Lucas,Jennings,ljennings59@university.edu
Lucy,Moreno,lmoreno81@university.edu
Luke,Waters,lwaters06@university.edu
Luke,Addison,luke.addison@example.com
Lucy,Anderson,lucy.anderson@example.com
Lacey,Archer,lacey.archer@example.com
Lamar,Armstrong,lamar.armstrong@example.com
Lara,Arnold,lara.arnold@example.com
Leah,Asher,leah.asher@example.com
Leroy,Atkinson,leroy.atkinson@example.com
Mark,Brown,mark.brown@example.com
Martha,Cabrera,martha.cabrera@example.com
Mason,Carter,mason.carter@example.com
Mary,Cooper,mary.cooper@example.com
Medea,Daniels,medea.daniels@example.com
Megan,Davis,megan.davis@example.com
Micah,Dunn,micah.dunn@example.com
Nathan,Edwards,nathan.edwards@example.com
Nathaniel,Fisher,nathaniel.fisher@example.com
Natalie,Flores,natalie.flores@example.com
Nelly,Foster,nelly.foster@example.com
Nelson,Garcia,nelson.garcia@example.com
Nico,Grant,nico.grant@example.com
Nina,Green,nina.green@example.com
Oliver,Hayes,oliver.hayes@example.com
Olivia,Henderson,olivia.henderson@example.com
Omar,Henry,omar.henry@example.com
Ophelia,Hoffman,ophelia.hoffman@example.com
Orion,Hughes,orion.hughes@example.com
Oscar,Hunt,oscar.hunt@example.com
Owen,Jacobs,owen.jacobs@example.com
Parker,James,parker.james@example.com
Patricia,Jenkins,patricia.jenkins@example.com
Paul,Johnson,paul.johnson@example.com
Paula,Jordan,paula.jordan@example.com
Pearl,Kelley,pearl.kelley@example.com
Peggy,King,peggy.king@example.com
Petra,Knight,petra.knight@example.com
Quincy,Lane,quincy.lane@example.com
Queenie,Larson,queenie.larson@example.com
Quinton,Lawson,quinton.lawson@example.com
Quade,Lee,quade.lee@example.com
Quilla,Lewis,quilla.lewis@example.com
Qiana,Little,qiana.little@example.com
Qasim,Lloyd,qasim.lloyd@example.com
Raymond,Martin,raymond.martin@example.com
Rebecca,Mason,rebecca.mason@example.com
Regina,Matthews,regina.matthews@example.com
Remy,Maxwell,remy.maxwell@example.com
Rex,May,rex.may@example.com
Riley,Miller,riley.miller@example.com
Rita,Morris,rita.morris@example.com
Samuel,Murphy,samuel.murphy@example.com
Sandra,Myers,sandra.myers@example.com
Sasha,Neal,sasha.neal@example.com
Saul,Nelson,saul.nelson@example.com
Savannah,Newton,savannah.newton@example.com
Sawyer,Nichols,sawyer.nichols@example.com
Selena,Nunez,selena.nunez@example.com
Taylor,Oliver,taylor.oliver@example.com
Tia,Owens,tia.owens@example.com
Tessa,Palmer,tessa.palmer@example.com
Timothy,Park,timothy.park@example.com
Tina,Patton,tina.patton@example.com
Tobin,Payne,tobin.payne@example.com
Trevor,Perry,trevor.perry@example.com
Ulysses,Peters,ulysses.peters@example.com
Uma,Porter,uma.porter@example.com
Ursula,Powell,ursula.powell@example.com
Urban,Price,urban.price@example.com
Uriel,Quinn,uriel.quinn@example.com
Unity,Ramsey,unity.ramsey@example.com
Unique,Randall,unique.randall@example.com
Valerie,Reyes,valerie.reyes@example.com
Valentino,Reynolds,valentino.reynolds@example.com
Vanessa,Rice,vanessa.rice@example.com
Vaughn,Riley,vaughn.riley@example.com
Veda,Rivera,veda.rivera@example.com
Verna,Robbins,verna.robbins@example.com
Victor,Roberts,victor.roberts@example.com
Walter,Robinson,walter.robinson@example.com
Wanda,Rogers,wanda.rogers@example.com
Wayne,Rose,wayne.rose@example.com
Wendy,Russell,wendy.russell@example.com
Wesley,Salazar,wesley.salazar@example.com
Whitney,Sanders,whitney.sanders@example.com
Winona,Schmidt,winona.schmidt@example.com
Xavier,Scott,xavier.scott@example.com
Xander,Shaw,xander.shaw@example.com
Xanthe,Shelton,xanthe.shelton@example.com
Xerxes,Sherman,xerxes.sherman@example.com
Xiomara,Shields,xiomara.shields@example.com
Xyla,Simmons,xyla.simmons@example.com
Ximena,Smith,ximena.smith@example.com
Yara,Snyder,yara.snyder@example.com
Yasmine,Sparks,yasmine.sparks@example.com
Yates,Steele,yates.steele@example.com
Yelena,Stewart,yelena.stewart@example.com
Yolanda,Stone,yolanda.stone@example.com
York,Summers,york.summers@example.com
Yvonne,Swanson,yvonne.swanson@example.com
Zachary,Taylor,zachary.taylor@example.com
Zara,Thomas,zara.thomas@example.com
